comparison,A,B,mean_pct,ci_low,ci_high,pct_cells_A_better,n_cells
"cost of removing cloud amount (PCMCI,LIN)",PCMCI_LIN_nc,PCMCI_LIN,-0.9785494115235868,-1.6052320316182462,-0.42816656720855967,28.000000000000004,250
"cost of removing cloud amount (LASSO,LIN)",LASSO_LIN_nc,LASSO_LIN,-1.1215897515498372,-1.681737704412845,-0.5760279716895679,23.200000000000003,250
"cost of removing cloud amount (ALL,LIN)",ALL_LIN_nc,ALL_LIN,-1.3816779900474472,-1.8997224973837705,-0.9100770524012355,11.600000000000001,250
no-cloud: PCMCI vs LASSO (LIN),PCMCI_LIN_nc,LASSO_LIN_nc,0.3678790424418317,0.23276131010792492,0.4962163608566439,68.8,250
no-cloud: PCMCI vs ALL (LIN),PCMCI_LIN_nc,ALL_LIN_nc,0.06089722685067439,-0.13823265432666956,0.2576620294123635,56.39999999999999,250
no-cloud PCMCI vs persistence (LIN),PCMCI_LIN_nc,PERSIST_KC,16.3625017747205,15.48636884828599,17.199345990158918,100.0,250
no-cloud PCMCI vs climatology (LIN),PCMCI_LIN_nc,CLIM,12.639141282335947,11.890631443035629,13.453317547856864,100.0,250
"cost of removing cloud amount (PCMCI,KRR)",PCMCI_KRR_nc,PCMCI_KRR,-0.564649580882168,-0.9288713625818764,-0.2631192176013306,26.0,250
"cost of removing cloud amount (LASSO,KRR)",LASSO_KRR_nc,LASSO_KRR,-0.8699362716991702,-1.1177179014777792,-0.6097788584455748,13.600000000000001,250
"cost of removing cloud amount (ALL,KRR)",ALL_KRR_nc,ALL_KRR,-1.3034540717321452,-1.5812139487864716,-1.0676521956405705,0.0,250
no-cloud: PCMCI vs LASSO (KRR),PCMCI_KRR_nc,LASSO_KRR_nc,0.2864834652631331,0.15620540895191432,0.4269305645450687,57.199999999999996,250
no-cloud: PCMCI vs ALL (KRR),PCMCI_KRR_nc,ALL_KRR_nc,1.3778770539642364,1.0692201889291626,1.6482862299111782,91.60000000000001,250
no-cloud PCMCI vs persistence (KRR),PCMCI_KRR_nc,PERSIST_KC,16.847378576134318,15.838939802804738,17.89731948751568,100.0,250
no-cloud PCMCI vs climatology (KRR),PCMCI_KRR_nc,CLIM,13.16322966864657,12.367913261789495,14.006655952111954,100.0,250
