method,mean_rmse,skill_vs_clim_pct
ALL_KRR,0.7129717599078897,13.073353347967366
ALL_KRR_nc,0.7226658640082597,11.948627299627589
ALL_LIN,0.706947885396092,13.761497846121303
ALL_LIN_nc,0.7174743026311392,12.583650067981775
CLIM,0.8216455990322326,0.0
LASSO_KRR,0.7079256259006937,13.653243487438978
LASSO_KRR_nc,0.7143886781663177,12.911858606324964
LASSO_LIN,0.7108147370439993,13.270400325793888
LASSO_LIN_nc,0.7195440351947089,12.313797164040176
PCMCI_KRR,0.7079474562763269,13.63431564193643
PCMCI_KRR_nc,0.7121852944668565,13.16322966864657
PCMCI_LIN,0.709172378496014,13.46597246741774
PCMCI_LIN_nc,0.7168724592743502,12.639141282335947
PERSIST_KC,0.8593892467845466,-4.565594039595069
