lat,lon,feature_set,model,k,test_r2,test_rmse
22.7696,-15.6054,PCMCI_all,LIN,5,0.7634048457968514,0.5983260321501567
22.7696,-15.6054,PCMCI_all,KRR,5,0.7615893994669325,0.6006171886223645
22.7696,-15.6054,PCMCI_cmiknn_confirmed,LIN,4,0.7614632596891344,0.6007760567684824
22.7696,-15.6054,PCMCI_cmiknn_confirmed,KRR,4,0.7624474845858338,0.599535346528807
22.7696,-15.6054,CLIM,-,0,0.6648029410789971,0.7121722965653632
22.7696,-14.1054,PCMCI_all,LIN,7,0.7351320680421918,0.6383004837743629
22.7696,-14.1054,PCMCI_all,KRR,7,0.7352988011393828,0.6380995485956101
22.7696,-14.1054,PCMCI_cmiknn_confirmed,LIN,5,0.7344174271231068,0.6391610038960079
22.7696,-14.1054,PCMCI_cmiknn_confirmed,KRR,5,0.737590393772306,0.6353314409843317
22.7696,-14.1054,CLIM,-,0,0.64535273308933,0.7385991302609846
24.7696,-13.1054,PCMCI_all,LIN,6,0.8114421965152234,0.5891198218094079
24.7696,-13.1054,PCMCI_all,KRR,6,0.8181584732403288,0.5785327046563773
24.7696,-13.1054,PCMCI_cmiknn_confirmed,LIN,3,0.8084779891592204,0.5937323694249942
24.7696,-13.1054,PCMCI_cmiknn_confirmed,KRR,3,0.817391101057766,0.5797521250222708
24.7696,-13.1054,CLIM,-,0,0.7605812974356003,0.6638354132284879
27.2696,-12.1054,PCMCI_all,LIN,7,0.7985176465270687,0.6582221470450882
27.2696,-12.1054,PCMCI_all,KRR,7,0.7971368898968744,0.6604736911996753
27.2696,-12.1054,PCMCI_cmiknn_confirmed,LIN,4,0.7972209273840574,0.6603368740651794
27.2696,-12.1054,PCMCI_cmiknn_confirmed,KRR,4,0.7971849493509693,0.6603954515305304
27.2696,-12.1054,CLIM,-,0,0.7299599165704315,0.7620230354923812
27.2696,-10.1054,PCMCI_all,LIN,6,0.8148024709111013,0.6316001784306334
27.2696,-10.1054,PCMCI_all,KRR,6,0.8161551854259765,0.6292892929077173
27.2696,-10.1054,PCMCI_cmiknn_confirmed,LIN,3,0.8141180889067461,0.6327661151282137
27.2696,-10.1054,PCMCI_cmiknn_confirmed,KRR,3,0.8118453523683852,0.6366227073789342
27.2696,-10.1054,CLIM,-,0,0.763244123136814,0.7141263105093179
29.7696,-9.1054,PCMCI_all,LIN,6,0.7972927497154572,0.6958627070919636
29.7696,-9.1054,PCMCI_all,KRR,6,0.7929265787972327,0.7033169764905057
29.7696,-9.1054,PCMCI_cmiknn_confirmed,LIN,4,0.7963420096184286,0.697492670123719
29.7696,-9.1054,PCMCI_cmiknn_confirmed,KRR,4,0.793171539773627,0.7029008530827915
29.7696,-9.1054,CLIM,-,0,0.7322498898559697,0.7997490817169445
30.7696,-6.1054,PCMCI_all,LIN,2,0.8017850335380218,0.7346734755192365
30.7696,-6.1054,PCMCI_all,KRR,2,0.8002911849356582,0.7374367151157933
30.7696,-6.1054,PCMCI_cmiknn_confirmed,LIN,2,0.8017850335380218,0.7346734755192365
30.7696,-6.1054,PCMCI_cmiknn_confirmed,KRR,2,0.8002911849356582,0.7374367151157933
30.7696,-6.1054,CLIM,-,0,0.7427966507894636,0.8368824269886631
32.2696,-8.1054,PCMCI_all,LIN,5,0.8302597955278834,0.7479229511118173
32.2696,-8.1054,PCMCI_all,KRR,5,0.8295347227225441,0.7495186858953439
32.2696,-8.1054,PCMCI_cmiknn_confirmed,LIN,4,0.8293952579118873,0.7498252295845422
32.2696,-8.1054,PCMCI_cmiknn_confirmed,KRR,4,0.8281201456185918,0.7526221374843006
32.2696,-8.1054,CLIM,-,0,0.7911084291434534,0.8297073890836043
32.2696,-4.1054,PCMCI_all,LIN,7,0.776240008269983,0.8274168182607298
32.2696,-4.1054,PCMCI_all,KRR,7,0.77087147758878,0.8372838276739326
32.2696,-4.1054,PCMCI_cmiknn_confirmed,LIN,4,0.7759590815571582,0.8279360589294565
32.2696,-4.1054,PCMCI_cmiknn_confirmed,KRR,4,0.7732022805466676,0.8330143198649587
32.2696,-4.1054,CLIM,-,0,0.7042014044375473,0.951329971604388
33.2696,-6.1054,PCMCI_all,LIN,5,0.8271795288623538,0.7861759966613094
33.2696,-6.1054,PCMCI_all,KRR,5,0.8297342732242958,0.7803434794946412
33.2696,-6.1054,PCMCI_cmiknn_confirmed,LIN,3,0.8243436068014224,0.7926001825785388
33.2696,-6.1054,PCMCI_cmiknn_confirmed,KRR,3,0.824067179205479,0.7932235883926201
33.2696,-6.1054,CLIM,-,0,0.7566571386270879,0.9328922662439121
33.7696,-2.6054,PCMCI_all,LIN,6,0.8012797065238546,0.832532289310434
33.7696,-2.6054,PCMCI_all,KRR,6,0.804299526177817,0.8261823542853121
33.7696,-2.6054,PCMCI_cmiknn_confirmed,LIN,4,0.7971972135167453,0.8410405499092831
33.7696,-2.6054,PCMCI_cmiknn_confirmed,KRR,4,0.7984178881211367,0.8385056085438659
33.7696,-2.6054,CLIM,-,0,0.7509632104452656,0.9319910267196346
34.7696,-5.1054,PCMCI_all,LIN,5,0.8299479906152316,0.813260249884044
34.7696,-5.1054,PCMCI_all,KRR,5,0.8283848522982074,0.8169894921010638
34.7696,-5.1054,PCMCI_cmiknn_confirmed,LIN,4,0.8255128072607559,0.823797442453397
34.7696,-5.1054,PCMCI_cmiknn_confirmed,KRR,4,0.8222115132626601,0.8315540407973065
34.7696,-5.1054,CLIM,-,0,0.7539333432716079,0.9782842145513927
