method,driver,lag,n_cells,mean_val,mean_abs_val,pct_cells
PCMCI,CLOUD_AMT,1,250,-0.2535104807128466,0.25351048071284654,100.0
PCMCI,T2M,1,182,-0.10376859096960978,0.10376859096960978,72.8
PCMCI,PS,1,137,0.1935063342482482,0.19350633424824823,54.8
PCMCI,kc,1,111,0.12738699468798056,0.1286270846837297,44.4
PCMCI,PS,2,110,-0.12121351651576262,0.12121351651576263,44.0
PCMCI,PRECT,1,100,-0.07624393886848767,0.08253131366482941,40.0
PCMCI,DTR,1,76,-0.07266982756215233,0.08881507093275832,30.4
PCMCI,T2M,2,58,0.05726962232584818,0.08100220396573263,23.2
PCMCI,kc,2,54,0.07420427545302156,0.07420427545302156,21.6
PCMCI,CLOUD_AMT,2,53,0.07567843795764612,0.07567843795764612,21.2
PCMCI,WS10M,1,49,0.0008805944845959601,0.09599867946245444,19.6
PCMCI,PS,3,45,0.0462144429212169,0.07370327743637861,18.0
PCMCI,RH2M,1,35,-0.06101976422516786,0.09523965966390689,14.0
PCMCI,T2M,3,14,0.0814925860102904,0.0814925860102904,5.6
PCMCI,RH2M,2,10,-0.06434754757314054,0.08145870784253832,4.0
PCMCI,DTR,2,8,0.05253177199524645,0.06848145173917017,3.2
PCMCI,PRECT,2,8,-0.07292581330665772,0.0729258133066577,3.2
PCMCI,DTR,5,6,0.06865081229830672,0.06865081229830672,2.4
PCMCI,T2M,5,4,0.06682204082728946,0.06682204082728946,1.6
PCMCI,kc,5,4,0.06924688039703059,0.06924688039703059,1.6
PCMCI,DTR,3,3,0.07645626543521827,0.07645626543521827,1.2
PCMCI,PS,4,3,0.02316063548767094,0.06839206748363562,1.2
PCMCI,WS10M,2,3,-0.023785018462774667,0.07233302067016602,1.2
PCMCI,CLOUD_AMT,5,2,-0.06510232952849504,0.06510232952849504,0.8
PCMCI,PRECT,3,2,-0.06379841105331446,0.06379841105331446,0.8
PCMCI,RH2M,3,2,-0.07625164546038997,0.07625164546038997,0.8
PCMCI,RH2M,5,2,-0.06538752952850006,0.06538752952850006,0.8
PCMCI,kc,3,2,0.06972120717065786,0.06972120717065786,0.8
PCMCI,DTR,4,1,0.06558020792877695,0.06558020792877695,0.4
PCMCI,DTR,6,1,-0.0633864295073984,0.0633864295073984,0.4
PCMCI,PRECT,4,1,-0.06286125754614165,0.06286125754614165,0.4
PCMCI,WS10M,3,1,-0.06665664020719347,0.06665664020719347,0.4
PCMCI+,CLOUD_AMT,0,250,-0.7623787679064103,0.7623787679064103,100.0
PCMCI+,PRECT,0,250,-0.22260277645531243,0.22260277645531243,100.0
PCMCI+,DTR,0,233,0.17174369150791,0.17174369150791,93.2
PCMCI+,CLOUD_AMT,1,133,-0.058741743780878534,0.12971349703030158,53.2
PCMCI+,kc,1,103,0.11513894654541633,0.11513894654541633,41.2
PCMCI+,RH2M,0,86,-0.11311157398781367,0.11311157398781364,34.4
PCMCI+,WS10M,0,54,-0.06997686299701035,0.08090773440010696,21.6
PCMCI+,PS,0,31,0.03281385040954671,0.06522975354628638,12.4
PCMCI+,T2M,1,13,-0.05950196071912503,0.05950196071912503,5.2
PCMCI+,PS,1,5,0.05907387031646792,0.05907387031646792,2.0
PCMCI+,T2M,0,5,-0.11329361595800087,0.11329361595800087,2.0
PCMCI+,DTR,1,2,-0.06990329066763665,0.06990329066763665,0.8
PCMCI+,WS10M,1,1,0.09774933389560178,0.09774933389560178,0.4
