model,alternative,mean_pct,ci_low,ci_high,pct_cells_pcmci_better
KRR,ALL,0.6478702040549524,0.3370545073947209,0.9895875237130238,70.8
KRR,LASSO_PATH,-0.020084344177383598,-0.2747548606581195,0.18834277420727893,52.400000000000006
KRR,OMP,0.16291669927930227,0.04777795948925977,0.2795106324168501,56.8
KRR,TOPK_CORR,0.03059098730831647,-0.23063512139683812,0.26211401841457144,53.6
KRR,TOPK_MI,0.9548152818839021,0.5552887064807263,1.3152291520257562,81.2
LIN,ALL,-0.34427183931209004,-0.6272998247671953,-0.055518423066841384,36.4
LIN,LASSO_PATH,0.22555574792930047,0.07053398835832145,0.3778036490624049,66.4
LIN,OMP,0.22323913297727163,0.12370364618281139,0.3283792482296777,60.4
LIN,RANDOM,10.413105363529969,9.831698004681881,11.005633935022301,100.0
LIN,TOPK_CORR,0.4632442679339341,0.29218653062712835,0.6040201998071676,74.0
LIN,TOPK_MI,1.0861504326839937,0.7410112477247001,1.4322547053774533,85.6
