lat,lon,n_days,n_train,n_nan_train,max_abs_corr_predictors,acf1_kc_anom,acf2_kc_anom,acf7_kc_anom,share_kc_gt_1p2
21.7696,-16.6054,4010,2557,0,0.7038729448126028,0.5248641768443874,0.24621721226966678,0.046976834757872184,0.0
21.7696,-16.1054,4010,2557,0,0.692694250863735,0.5248641768443874,0.24621721226966678,0.046976834757872184,0.0
21.7696,-15.6054,4010,2557,0,0.644852253462929,0.4953450118783236,0.2526716937060778,0.05309554468588065,0.0
21.7696,-15.1054,4010,2557,0,0.5796461374008658,0.4953450118783236,0.2526716937060778,0.05309554468588065,0.0
21.7696,-14.6054,4010,2557,0,0.5295554778798308,0.48433001349983595,0.24375632403373382,0.03367690904923129,0.0
21.7696,-14.1054,4010,2557,0,0.5295554778798308,0.48433001349983595,0.24375632403373382,0.03367690904923129,0.0
21.7696,-13.6054,4010,2557,0,0.515706918721322,0.4688703988383397,0.24473569381239638,0.044463151840693965,0.0
21.7696,-13.1054,4010,2557,0,0.5140500382345489,0.4688703988383397,0.24473569381239638,0.044463151840693965,0.0
22.2696,-16.6054,4010,2557,0,0.7461611380397273,0.4751879723067137,0.1927740062218925,0.036504160307905396,0.0
22.2696,-16.1054,4010,2557,0,0.694870596694722,0.4751879723067137,0.1927740062218925,0.036504160307905396,0.0
22.2696,-15.6054,4010,2557,0,0.6737252673734924,0.4785364735602039,0.231609272502437,0.05851421660471701,0.0
22.2696,-15.1054,4010,2557,0,0.6257762834027988,0.4785364735602039,0.231609272502437,0.05851421660471701,0.0
22.2696,-14.6054,4010,2557,0,0.5759893233216418,0.49211620813007856,0.25502840898214574,0.058472967366309886,0.0
22.2696,-14.1054,4010,2557,0,0.5759893233216418,0.49211620813007856,0.25502840898214574,0.058472967366309886,0.0
22.2696,-13.6054,4010,2557,0,0.5414690540680676,0.480883249298897,0.25531806716499117,0.04040610691067451,0.0
22.2696,-13.1054,4010,2557,0,0.5078891707121284,0.480883249298897,0.25531806716499117,0.04040610691067451,0.0
22.7696,-16.1054,4010,2557,0,0.7061374921362802,0.4751879723067137,0.1927740062218925,0.036504160307905396,0.0
22.7696,-15.6054,4010,2557,0,0.6720447444979388,0.4785364735602039,0.231609272502437,0.05851421660471701,0.0
22.7696,-15.1054,4010,2557,0,0.6472810152145024,0.4785364735602039,0.231609272502437,0.05851421660471701,0.0
22.7696,-14.6054,4010,2557,0,0.5998961287353437,0.49211620813007856,0.25502840898214574,0.058472967366309886,0.0
22.7696,-14.1054,4010,2557,0,0.5998961287353437,0.49211620813007856,0.25502840898214574,0.058472967366309886,0.0
22.7696,-13.6054,4010,2557,0,0.5640110464305226,0.480883249298897,0.25531806716499117,0.04040610691067451,0.0
23.2696,-15.6054,4010,2557,0,0.6546271836556788,0.4621726582423576,0.1989627497959679,0.058590923146774054,0.0
23.2696,-15.1054,4010,2557,0,0.6546215172188963,0.4621726582423576,0.1989627497959679,0.058590923146774054,0.0
23.2696,-14.6054,4010,2557,0,0.6188289920301627,0.4537125899980234,0.2088197595405753,0.06855084117730507,0.0
23.2696,-14.1054,4010,2557,0,0.6188289920301627,0.4537125899980234,0.2088197595405753,0.06855084117730507,0.0
23.2696,-13.6054,4010,2557,0,0.5833307532412031,0.47902920380801056,0.22610856117581515,0.05662367816675588,0.0
23.2696,-13.1054,4010,2557,0,0.5445410160271283,0.47902920380801056,0.22610856117581515,0.05662367816675588,0.0
23.7696,-15.6054,4010,2557,0,0.6927704357250793,0.4621726582423576,0.1989627497959679,0.058590923146774054,0.0
23.7696,-15.1054,4010,2557,0,0.6474135301082978,0.4621726582423576,0.1989627497959679,0.058590923146774054,0.0
23.7696,-14.6054,4010,2557,0,0.6232007396188742,0.4537125899980234,0.2088197595405753,0.06855084117730507,0.0
23.7696,-14.1054,4010,2557,0,0.6232007396188742,0.4537125899980234,0.2088197595405753,0.06855084117730507,0.0
23.7696,-13.6054,4010,2557,0,0.5954940584492554,0.47902920380801056,0.22610856117581515,0.05662367816675588,0.0
23.7696,-13.1054,4010,2557,0,0.5690845261754961,0.47902920380801056,0.22610856117581515,0.05662367816675588,0.0
23.7696,-12.6054,4010,2557,0,0.5360146863882169,0.4712760005901481,0.24435366564727765,0.04924374995829098,0.0
23.7696,-12.1054,4010,2557,0,0.5446120320399886,0.4712760005901481,0.24435366564727765,0.04924374995829098,0.0
24.2696,-15.1054,4010,2557,0,0.6403205467635377,0.4399159807203323,0.19146968544145318,0.04283395381003366,0.0
24.2696,-14.6054,4010,2557,0,0.6128886158154339,0.4540938818442668,0.1910361225614828,0.06320095548971329,0.0
24.2696,-14.1054,4010,2557,0,0.6128886158154339,0.4540938818442668,0.1910361225614828,0.06320095548971329,0.0
24.2696,-13.6054,4010,2557,0,0.5982472705913873,0.4596691315442073,0.18692571474026873,0.05903291724414065,0.0
24.2696,-13.1054,4010,2557,0,0.5944375107385982,0.4596691315442073,0.18692571474026873,0.05903291724414065,0.0
24.2696,-12.6054,4010,2557,0,0.5727299899812626,0.4711202955541511,0.2076545838732995,0.05377472020905668,0.0
24.2696,-12.1054,4010,2557,0,0.5706568378140962,0.4711202955541511,0.2076545838732995,0.05377472020905668,0.0
24.7696,-14.6054,4010,2557,0,0.5758192082886587,0.4540938818442668,0.1910361225614828,0.06320095548971329,0.0
24.7696,-14.1054,4010,2557,0,0.5758192082886587,0.4540938818442668,0.1910361225614828,0.06320095548971329,0.0
24.7696,-13.6054,4010,2557,0,0.5881524764088396,0.4596691315442073,0.18692571474026873,0.05903291724414065,0.0
24.7696,-13.1054,4010,2557,0,0.6180719123051939,0.4596691315442073,0.18692571474026873,0.05903291724414065,0.0
24.7696,-12.6054,4010,2557,0,0.6175396975150073,0.4711202955541511,0.2076545838732995,0.05377472020905668,0.0
24.7696,-12.1054,4010,2557,0,0.6083679175682156,0.4711202955541511,0.2076545838732995,0.05377472020905668,0.0
25.2696,-14.6054,4010,2557,0,0.5473797445588727,0.4582964584718616,0.20207945925101978,0.03148165060019059,0.0
25.2696,-14.1054,4010,2557,0,0.5473797445588727,0.4582964584718616,0.20207945925101978,0.03148165060019059,0.0
25.2696,-13.6054,4010,2557,0,0.5646096536140686,0.46607235700731625,0.19401830344209087,0.02436842335208801,0.0
25.2696,-13.1054,4010,2557,0,0.62091038569991,0.46607235700731625,0.19401830344209087,0.02436842335208801,0.0
25.2696,-12.6054,4010,2557,0,0.6452631333710583,0.456929120106739,0.18406109679822283,0.024407905610718195,0.0
25.2696,-12.1054,4010,2557,0,0.6424345378153338,0.456929120106739,0.18406109679822283,0.024407905610718195,0.0
25.7696,-14.6054,4010,2557,0,0.5711914181835617,0.4582964584718616,0.20207945925101978,0.03148165060019059,0.0
25.7696,-14.1054,4010,2557,0,0.5711914181835617,0.4582964584718616,0.20207945925101978,0.03148165060019059,0.0
25.7696,-13.6054,4010,2557,0,0.5403006838510233,0.46607235700731625,0.19401830344209087,0.02436842335208801,0.0
25.7696,-13.1054,4010,2557,0,0.5970719007394764,0.46607235700731625,0.19401830344209087,0.02436842335208801,0.0
25.7696,-12.6054,4010,2557,0,0.6420736857360144,0.456929120106739,0.18406109679822283,0.024407905610718195,0.0
25.7696,-12.1054,4010,2557,0,0.6585198459841537,0.456929120106739,0.18406109679822283,0.024407905610718195,0.0
26.2696,-14.1054,4010,2557,0,0.5299046016735356,0.4120855627798308,0.16092945806377068,0.01321396812779111,0.0
26.2696,-13.6054,4010,2557,0,0.5444309362719614,0.4357620031384497,0.16426798259017697,0.00674005701371729,0.0
26.2696,-13.1054,4010,2557,0,0.5544818702292689,0.4357620031384497,0.16426798259017697,0.00674005701371729,0.0
26.2696,-12.6054,4010,2557,0,0.6066688795269602,0.4308422992390215,0.1678520390288555,0.00418456138541076,0.0
26.2696,-12.1054,4010,2557,0,0.6302101978690557,0.4308422992390215,0.1678520390288555,0.00418456138541076,0.0
26.2696,-11.6054,4010,2557,0,0.6302101978690557,0.45346725855312153,0.18067391918142822,-0.006262294683407015,0.0
26.2696,-11.1054,4010,2557,0,0.652179104220355,0.45346725855312153,0.18067391918142822,-0.006262294683407015,0.0
26.2696,-10.6054,4010,2557,0,0.6620749569672779,0.47191949481508566,0.2099440977056832,0.009074362468291294,0.0
26.2696,-10.1054,4010,2557,0,0.6498564808779544,0.47191949481508566,0.2099440977056832,0.009074362468291294,0.0
26.2696,-9.6054,4010,2557,0,0.6163000836182322,0.47618737650054954,0.24424299200692381,0.010981637996385248,0.0
26.2696,-9.1054,4010,2557,0,0.6163000836182322,0.47618737650054954,0.24424299200692381,0.010981637996385248,0.0
26.7696,-13.1054,4010,2557,0,0.5527221454121072,0.4357620031384497,0.16426798259017697,0.00674005701371729,0.0
26.7696,-12.6054,4010,2557,0,0.5888768731448423,0.4308422992390215,0.1678520390288555,0.00418456138541076,0.0
26.7696,-12.1054,4010,2557,0,0.6060648291077861,0.4308422992390215,0.1678520390288555,0.00418456138541076,0.0
26.7696,-11.6054,4010,2557,0,0.6060648291077861,0.45346725855312153,0.18067391918142822,-0.006262294683407015,0.0
26.7696,-11.1054,4010,2557,0,0.6486767828978107,0.45346725855312153,0.18067391918142822,-0.006262294683407015,0.0
26.7696,-10.6054,4010,2557,0,0.6804550234172432,0.47191949481508566,0.2099440977056832,0.009074362468291294,0.0
26.7696,-10.1054,4010,2557,0,0.6737386988232833,0.47191949481508566,0.2099440977056832,0.009074362468291294,0.0
26.7696,-9.6054,4010,2557,0,0.6467397293682563,0.47618737650054954,0.24424299200692381,0.010981637996385248,0.0
26.7696,-9.1054,4010,2557,0,0.6467397293682563,0.47618737650054954,0.24424299200692381,0.010981637996385248,0.0
27.2696,-13.1054,4010,2557,0,0.5143936068741568,0.3880190041789263,0.1393581186868924,0.005799806311054054,0.0
27.2696,-12.6054,4010,2557,0,0.615159709660624,0.4009778473208858,0.12215712294140528,0.005388359679063506,0.0
27.2696,-12.1054,4010,2557,0,0.6383890864812722,0.4009778473208858,0.12215712294140528,0.005388359679063506,0.0
27.2696,-11.6054,4010,2557,0,0.6383890864812722,0.4240580294952374,0.15373638687835353,-0.0012675404935775997,0.0
27.2696,-11.1054,4010,2557,0,0.6538125052732032,0.4240580294952374,0.15373638687835353,-0.0012675404935775997,0.0
27.2696,-10.6054,4010,2557,0,0.6882808978551616,0.4358719861258482,0.1698442227940273,-0.010453028344764081,0.0
27.2696,-10.1054,4010,2557,0,0.6790053489882167,0.4358719861258482,0.1698442227940273,-0.010453028344764081,0.0
27.2696,-9.6054,4010,2557,0,0.6648474382028585,0.4581378592547189,0.2066445361686113,-0.0011703338451096719,0.0
27.2696,-9.1054,4010,2557,0,0.6648474382028585,0.4581378592547189,0.2066445361686113,-0.0011703338451096719,0.0
27.7696,-12.6054,4010,2557,0,0.5103824981587836,0.4009778473208858,0.12215712294140528,0.005388359679063506,0.0
27.7696,-12.1054,4010,2557,0,0.5936825085479855,0.4009778473208858,0.12215712294140528,0.005388359679063506,0.0
27.7696,-11.6054,4010,2557,0,0.5936825085479855,0.4240580294952374,0.15373638687835353,-0.0012675404935775997,0.0
27.7696,-11.1054,4010,2557,0,0.6533211538103528,0.4240580294952374,0.15373638687835353,-0.0012675404935775997,0.0
27.7696,-10.6054,4010,2557,0,0.6849364440867738,0.4358719861258482,0.1698442227940273,-0.010453028344764081,0.0
27.7696,-10.1054,4010,2557,0,0.6779230560066664,0.4358719861258482,0.1698442227940273,-0.010453028344764081,0.0
27.7696,-9.6054,4010,2557,0,0.6703195285981705,0.4581378592547189,0.2066445361686113,-0.0011703338451096719,0.0
27.7696,-9.1054,4010,2557,0,0.6703195285981705,0.4581378592547189,0.2066445361686113,-0.0011703338451096719,0.0
28.2696,-11.6054,4010,2557,0,0.5922952881284493,0.4455977225154904,0.16118482875214846,0.03431494839134013,0.0
28.2696,-11.1054,4010,2557,0,0.6485717550033581,0.4455977225154904,0.16118482875214846,0.03431494839134013,0.0
28.2696,-10.6054,4010,2557,0,0.6700316619311394,0.42542854843902295,0.153868347860039,0.010451587379499628,0.0
28.2696,-10.1054,4010,2557,0,0.707050474160377,0.42542854843902295,0.153868347860039,0.010451587379499628,0.0
28.2696,-9.6054,4010,2557,0,0.693065091809061,0.43569093943282233,0.17092647774731026,0.004634528523175866,0.0
28.2696,-9.1054,4010,2557,0,0.693065091809061,0.43569093943282233,0.17092647774731026,0.004634528523175866,0.0
28.7696,-10.6054,4010,2557,0,0.7035434525053373,0.42542854843902295,0.153868347860039,0.010451587379499628,0.0
28.7696,-10.1054,4010,2557,0,0.7739075124399226,0.42542854843902295,0.153868347860039,0.010451587379499628,0.0
28.7696,-9.6054,4010,2557,0,0.7334769256491585,0.43569093943282233,0.17092647774731026,0.004634528523175866,0.0
28.7696,-9.1054,4010,2557,0,0.7334769256491585,0.43569093943282233,0.17092647774731026,0.004634528523175866,0.0
28.7696,-8.6054,4010,2557,0,0.6247197967199147,0.4524862921312919,0.18468749298689038,0.01116593448391263,0.0
29.2696,-10.1054,4010,2557,0,0.8116551821002297,0.44878288018956897,0.14576863196322037,0.018942684502998245,0.0
29.2696,-9.6054,4010,2557,0,0.7855655621723387,0.4467107109702155,0.17275527789528447,0.018246865528463618,0.0
29.2696,-9.1054,4010,2557,0,0.7855655621723387,0.4467107109702155,0.17275527789528447,0.018246865528463618,0.0
29.2696,-8.6054,4010,2557,0,0.6987415238382743,0.45584776413147343,0.19227665765839932,0.028588200997247182,0.0
29.2696,-8.1054,4010,2557,0,0.5988816494451235,0.45584776413147343,0.19227665765839932,0.028588200997247182,0.0
29.7696,-9.6054,4010,2557,0,0.8118808250169949,0.4467107109702155,0.17275527789528447,0.018246865528463618,0.0
29.7696,-9.1054,4010,2557,0,0.8118808250169949,0.4467107109702155,0.17275527789528447,0.018246865528463618,0.0
29.7696,-8.6054,4010,2557,0,0.7443361795982337,0.45584776413147343,0.19227665765839932,0.028588200997247182,0.0
29.7696,-8.1054,4010,2557,0,0.6503360266597087,0.45584776413147343,0.19227665765839932,0.028588200997247182,0.0
29.7696,-7.605399999999999,4010,2557,0,0.580865211825689,0.4349172527874321,0.17014412839951917,0.03457773533282368,0.0
29.7696,-7.1054,4010,2557,0,0.5668657263647445,0.4349172527874321,0.17014412839951917,0.03457773533282368,0.0
29.7696,-6.6054,4010,2557,0,0.5578428941921413,0.41654762123913774,0.16758003447648329,0.04369204406314394,0.0
29.7696,-6.1054,4010,2557,0,0.5468724617912946,0.41654762123913774,0.16758003447648329,0.04369204406314394,0.0
29.7696,-5.6054,4010,2557,0,0.5248246799981923,0.38548921053239277,0.16563624114784978,0.05536137345110097,0.0
30.2696,-9.6054,4010,2557,0,0.7767386368207472,0.4188851530934196,0.1779567230488744,0.006607709288974165,0.0
30.2696,-9.1054,4010,2557,0,0.7767386368207472,0.4188851530934196,0.1779567230488744,0.006607709288974165,0.0
30.2696,-8.6054,4010,2557,0,0.7212731549053587,0.46230775021108933,0.22283247343131615,0.02120467645484139,0.0
30.2696,-8.1054,4010,2557,0,0.6739465141076912,0.46230775021108933,0.22283247343131615,0.02120467645484139,0.0
30.2696,-7.605399999999999,4010,2557,0,0.6630809531749527,0.4739101140943483,0.23618627846500875,0.03152438237545085,0.0
30.2696,-7.1054,4010,2557,0,0.6188004358915801,0.4739101140943483,0.23618627846500875,0.03152438237545085,0.0
30.2696,-6.6054,4010,2557,0,0.6135062304048858,0.39153829152783265,0.16032453818206208,0.012560133815279453,0.0
30.2696,-6.1054,4010,2557,0,0.6109387703751179,0.39153829152783265,0.16032453818206208,0.012560133815279453,0.0
30.2696,-5.6054,4010,2557,0,0.5662558612541474,0.3597300013122936,0.13546439667196947,0.005262984905226531,0.0
30.2696,-5.1054,4010,2557,0,0.5510949796403797,0.3597300013122936,0.13546439667196947,0.005262984905226531,0.0
30.7696,-9.6054,4010,2557,0,0.7567203576582996,0.4188851530934196,0.1779567230488744,0.006607709288974165,0.0
30.7696,-9.1054,4010,2557,0,0.7567203576582996,0.4188851530934196,0.1779567230488744,0.006607709288974165,0.0
30.7696,-8.6054,4010,2557,0,0.7221870007690966,0.46230775021108933,0.22283247343131615,0.02120467645484139,0.0
30.7696,-8.1054,4010,2557,0,0.7276380022782288,0.46230775021108933,0.22283247343131615,0.02120467645484139,0.0
30.7696,-7.605399999999999,4010,2557,0,0.685221819370401,0.4739101140943483,0.23618627846500875,0.03152438237545085,0.0
30.7696,-7.1054,4010,2557,0,0.6356627849275397,0.4739101140943483,0.23618627846500875,0.03152438237545085,0.0
30.7696,-6.6054,4010,2557,0,0.6356627849275397,0.39153829152783265,0.16032453818206208,0.012560133815279453,0.0
30.7696,-6.1054,4010,2557,0,0.6023829922623994,0.39153829152783265,0.16032453818206208,0.012560133815279453,0.0
30.7696,-5.6054,4010,2557,0,0.5726707645465227,0.3597300013122936,0.13546439667196947,0.005262984905226531,0.0
30.7696,-5.1054,4010,2557,0,0.5531265974865208,0.3597300013122936,0.13546439667196947,0.005262984905226531,0.0
30.7696,-4.6054,4010,2557,0,0.5515304071862579,0.35829399184595895,0.1451906729322027,0.01358842671302605,0.0
30.7696,-4.1054,4010,2557,0,0.5515304071862579,0.35829399184595895,0.1451906729322027,0.01358842671302605,0.0
31.2696,-9.6054,4010,2557,0,0.763090640511004,0.4038172669380475,0.19152234908880666,0.0004185730245776684,0.0
31.2696,-9.1054,4010,2557,0,0.763090640511004,0.4038172669380475,0.19152234908880666,0.0004185730245776684,0.0
31.2696,-8.6054,4010,2557,0,0.7610348174290421,0.37796511369640357,0.1642770261271139,0.012678502495996327,0.0
31.2696,-8.1054,4010,2557,0,0.7494154876299219,0.37796511369640357,0.1642770261271139,0.012678502495996327,0.0
31.2696,-7.605399999999999,4010,2557,0,0.7188670606259737,0.4076290209369701,0.19214190128340664,0.024203776357603374,0.0
31.2696,-7.1054,4010,2557,0,0.6975700795204715,0.4076290209369701,0.19214190128340664,0.024203776357603374,0.0
31.2696,-6.6054,4010,2557,0,0.6975700795204715,0.45809692504253713,0.22203715007241884,0.03557611508114678,0.0
31.2696,-6.1054,4010,2557,0,0.7031448198235851,0.45809692504253713,0.22203715007241884,0.03557611508114678,0.0
31.2696,-5.6054,4010,2557,0,0.6420179460640799,0.4606107135085776,0.21753548804122316,0.03167585315845787,0.0
31.2696,-5.1054,4010,2557,0,0.5968138553177619,0.4606107135085776,0.21753548804122316,0.03167585315845787,0.0
31.2696,-4.6054,4010,2557,0,0.5727268956680899,0.38797497903488193,0.15161491240460673,-0.00822580340573968,0.0
31.2696,-4.1054,4010,2557,0,0.5727268956680899,0.38797497903488193,0.15161491240460673,-0.00822580340573968,0.0
31.7696,-9.6054,4010,2557,0,0.5920185698686554,0.4038172669380475,0.19152234908880666,0.0004185730245776684,0.0
31.7696,-9.1054,4010,2557,0,0.5920185698686554,0.4038172669380475,0.19152234908880666,0.0004185730245776684,0.0
31.7696,-8.6054,4010,2557,0,0.7120998067939791,0.37796511369640357,0.1642770261271139,0.012678502495996327,0.0
31.7696,-8.1054,4010,2557,0,0.7348154816195203,0.37796511369640357,0.1642770261271139,0.012678502495996327,0.0
31.7696,-7.605399999999999,4010,2557,0,0.7443773798199583,0.4076290209369701,0.19214190128340664,0.024203776357603374,0.0
31.7696,-7.1054,4010,2557,0,0.7319677841147155,0.4076290209369701,0.19214190128340664,0.024203776357603374,0.0
31.7696,-6.6054,4010,2557,0,0.7319677841147155,0.45809692504253713,0.22203715007241884,0.03557611508114678,0.0
31.7696,-6.1054,4010,2557,0,0.694664717043964,0.45809692504253713,0.22203715007241884,0.03557611508114678,0.0
31.7696,-5.6054,4010,2557,0,0.6512857512224538,0.4606107135085776,0.21753548804122316,0.03167585315845787,0.0
31.7696,-5.1054,4010,2557,0,0.6162641512286997,0.4606107135085776,0.21753548804122316,0.03167585315845787,0.0
31.7696,-4.6054,4010,2557,0,0.5745034265144604,0.38797497903488193,0.15161491240460673,-0.00822580340573968,0.0
31.7696,-4.1054,4010,2557,0,0.5745034265144604,0.38797497903488193,0.15161491240460673,-0.00822580340573968,0.0
31.7696,-3.6054,4010,2557,0,0.5410215173711573,0.37449397478980345,0.14858211460527898,-0.0016394209138916615,0.0
31.7696,-3.1053999999999995,4010,2557,0,0.5248248349612961,0.37449397478980345,0.14858211460527898,-0.0016394209138916615,0.0
32.2696,-9.1054,4010,2557,0,0.48554597872411015,0.36848819397916943,0.16728332802392187,-0.00665408906310964,0.0
32.2696,-8.6054,4010,2557,0,0.5978698277334522,0.38027438889123605,0.16398363289554774,-0.026543712189175526,0.0
32.2696,-8.1054,4010,2557,0,0.6926613450140544,0.38027438889123605,0.16398363289554774,-0.026543712189175526,0.0
32.2696,-7.605399999999999,4010,2557,0,0.7256102983110089,0.39312088727264966,0.1761617217321655,-0.02980837835512435,0.0
32.2696,-7.1054,4010,2557,0,0.7221099244861134,0.39312088727264966,0.1761617217321655,-0.02980837835512435,0.0
32.2696,-6.6054,4010,2557,0,0.7221099244861134,0.4055980460096672,0.16372565925130236,-0.028872957689220293,0.0
32.2696,-6.1054,4010,2557,0,0.7194828111742275,0.4055980460096672,0.16372565925130236,-0.028872957689220293,0.0
32.2696,-5.6054,4010,2557,0,0.7092456495177557,0.4777069476190229,0.21725680670771802,-0.005698153902669845,0.0
32.2696,-5.1054,4010,2557,0,0.7128253003356988,0.4777069476190229,0.21725680670771802,-0.005698153902669845,0.0
32.2696,-4.6054,4010,2557,0,0.6532677726712806,0.43972856154358286,0.1856383862701729,-0.011785616600275618,0.0
32.2696,-4.1054,4010,2557,0,0.6532677726712806,0.43972856154358286,0.1856383862701729,-0.011785616600275618,0.0
32.2696,-3.6054,4010,2557,0,0.5996586552819893,0.41457028303988275,0.16586627010689364,-0.01860248423089667,0.0
32.2696,-3.1053999999999995,4010,2557,0,0.5616243392373915,0.41457028303988275,0.16586627010689364,-0.01860248423089667,0.0
32.2696,-2.6053999999999995,4010,2557,0,0.5481795646803292,0.39386026260955126,0.15249175208792057,-0.03819258478935679,0.0
32.2696,-2.1053999999999995,4010,2557,0,0.5560748779780584,0.39386026260955126,0.15249175208792057,-0.03819258478935679,0.0
32.2696,-1.6053999999999995,4010,2557,0,0.5669663620842896,0.3858172672231151,0.15045463201800385,-0.04404372587402034,0.0
32.7696,-8.6054,4010,2557,0,0.519020154893451,0.38027438889123605,0.16398363289554774,-0.026543712189175526,0.0
32.7696,-8.1054,4010,2557,0,0.6128307640909608,0.38027438889123605,0.16398363289554774,-0.026543712189175526,0.0
32.7696,-7.605399999999999,4010,2557,0,0.7034940994101616,0.39312088727264966,0.1761617217321655,-0.02980837835512435,0.0
32.7696,-7.1054,4010,2557,0,0.7110950216875086,0.39312088727264966,0.1761617217321655,-0.02980837835512435,0.0
32.7696,-6.6054,4010,2557,0,0.7110950216875086,0.4055980460096672,0.16372565925130236,-0.028872957689220293,0.0
32.7696,-6.1054,4010,2557,0,0.7193390853073068,0.4055980460096672,0.16372565925130236,-0.028872957689220293,0.0
32.7696,-5.6054,4010,2557,0,0.7423636829898722,0.4777069476190229,0.21725680670771802,-0.005698153902669845,0.0
32.7696,-5.1054,4010,2557,0,0.7048900504079618,0.4777069476190229,0.21725680670771802,-0.005698153902669845,0.0
32.7696,-4.6054,4010,2557,0,0.6318519892286112,0.43972856154358286,0.1856383862701729,-0.011785616600275618,0.0
32.7696,-4.1054,4010,2557,0,0.6318519892286112,0.43972856154358286,0.1856383862701729,-0.011785616600275618,0.0
32.7696,-3.6054,4010,2557,0,0.6010653784816783,0.41457028303988275,0.16586627010689364,-0.01860248423089667,0.0
32.7696,-3.1053999999999995,4010,2557,0,0.5732736964939876,0.41457028303988275,0.16586627010689364,-0.01860248423089667,0.0
32.7696,-2.6053999999999995,4010,2557,0,0.5598818144524363,0.39386026260955126,0.15249175208792057,-0.03819258478935679,0.0
32.7696,-2.1053999999999995,4010,2557,0,0.5515739580085474,0.39386026260955126,0.15249175208792057,-0.03819258478935679,0.0
32.7696,-1.6053999999999995,4010,2557,0,0.5515739580085474,0.3858172672231151,0.15045463201800385,-0.04404372587402034,0.0
33.2696,-8.1054,4010,2557,0,0.5326461449996016,0.3514040715636043,0.16324331286941665,-0.011300543932752054,0.0
33.2696,-7.605399999999999,4010,2557,0,0.57645968657325,0.37124344949204485,0.1802860384177993,-0.01837160826226874,0.0
33.2696,-7.1054,4010,2557,0,0.6882656232991922,0.37124344949204485,0.1802860384177993,-0.01837160826226874,0.0
33.2696,-6.6054,4010,2557,0,0.6882656232991922,0.4126355382034163,0.19856584512993503,-0.03496305980674336,0.0
33.2696,-6.1054,4010,2557,0,0.7167827032750098,0.4126355382034163,0.19856584512993503,-0.03496305980674336,0.0
33.2696,-5.6054,4010,2557,0,0.737128862698573,0.4492705473679244,0.20449695567730247,-0.027867203967113077,0.0
33.2696,-5.1054,4010,2557,0,0.7047505655619924,0.4492705473679244,0.20449695567730247,-0.027867203967113077,0.0
33.2696,-4.6054,4010,2557,0,0.6784594299593341,0.46769762476415605,0.20754623619953846,-0.019890316485889445,0.0
33.2696,-4.1054,4010,2557,0,0.6784594299593341,0.46769762476415605,0.20754623619953846,-0.019890316485889445,0.0
33.2696,-3.6054,4010,2557,0,0.605410777394472,0.4165346097801907,0.1653345611066399,-0.029350141089481176,0.0
33.2696,-3.1053999999999995,4010,2557,0,0.5899830098564147,0.4165346097801907,0.1653345611066399,-0.029350141089481176,0.0
33.2696,-2.6053999999999995,4010,2557,0,0.58128928644156,0.41078700821522135,0.1516906373621452,-0.04734595672535428,0.0
33.2696,-2.1053999999999995,4010,2557,0,0.5566312743508312,0.41078700821522135,0.1516906373621452,-0.04734595672535428,0.0
33.7696,-7.1054,4010,2557,0,0.5734379082347135,0.37124344949204485,0.1802860384177993,-0.01837160826226874,0.0
33.7696,-6.6054,4010,2557,0,0.5734379082347135,0.4126355382034163,0.19856584512993503,-0.03496305980674336,0.0
33.7696,-6.1054,4010,2557,0,0.6888443942972752,0.4126355382034163,0.19856584512993503,-0.03496305980674336,0.0
33.7696,-5.6054,4010,2557,0,0.7158487650863924,0.4492705473679244,0.20449695567730247,-0.027867203967113077,0.0
33.7696,-5.1054,4010,2557,0,0.722769975004295,0.4492705473679244,0.20449695567730247,-0.027867203967113077,0.0
33.7696,-4.6054,4010,2557,0,0.7263720150810904,0.46769762476415605,0.20754623619953846,-0.019890316485889445,0.0
33.7696,-4.1054,4010,2557,0,0.7263720150810904,0.46769762476415605,0.20754623619953846,-0.019890316485889445,0.0
33.7696,-3.6054,4010,2557,0,0.6706981614204613,0.4165346097801907,0.1653345611066399,-0.029350141089481176,0.0
33.7696,-3.1053999999999995,4010,2557,0,0.6544969891820038,0.4165346097801907,0.1653345611066399,-0.029350141089481176,0.0
33.7696,-2.6053999999999995,4010,2557,0,0.649122686173356,0.41078700821522135,0.1516906373621452,-0.04734595672535428,0.0
33.7696,-2.1053999999999995,4010,2557,0,0.6331824367881187,0.41078700821522135,0.1516906373621452,-0.04734595672535428,0.0
34.2696,-6.6054,4010,2557,0,0.5469921156641196,0.3544450153810787,0.16818008825367126,-0.0019248561673564353,0.0
34.2696,-6.1054,4010,2557,0,0.6557655216001481,0.3544450153810787,0.16818008825367126,-0.0019248561673564353,0.0
34.2696,-5.6054,4010,2557,0,0.7162705233202625,0.43323380029953457,0.21044903426131029,-0.02014451050917072,0.0
34.2696,-5.1054,4010,2557,0,0.7239303319696421,0.43323380029953457,0.21044903426131029,-0.02014451050917072,0.0
34.2696,-4.6054,4010,2557,0,0.7222166013748414,0.4831277555655827,0.24427804307271941,-0.018383079130789386,0.0
34.2696,-4.1054,4010,2557,0,0.7222166013748414,0.4831277555655827,0.24427804307271941,-0.018383079130789386,0.0
34.2696,-3.6054,4010,2557,0,0.6637339867421488,0.4225909677913678,0.1953837320131567,-0.02950332929745518,0.0
34.2696,-3.1053999999999995,4010,2557,0,0.6277997614023957,0.4225909677913678,0.1953837320131567,-0.02950332929745518,0.0
34.2696,-2.6053999999999995,4010,2557,0,0.6382905814444104,0.4119318090222451,0.17656188816633453,-0.04264296026840899,0.0
34.2696,-2.1053999999999995,4010,2557,0,0.6745294549341376,0.4119318090222451,0.17656188816633453,-0.04264296026840899,0.0
34.7696,-6.1054,4010,2557,0,0.6346128586317782,0.3544450153810787,0.16818008825367126,-0.0019248561673564353,0.0
34.7696,-5.6054,4010,2557,0,0.7205002333265471,0.43323380029953457,0.21044903426131029,-0.02014451050917072,0.0
34.7696,-5.1054,4010,2557,0,0.70253419917156,0.43323380029953457,0.21044903426131029,-0.02014451050917072,0.0
34.7696,-4.6054,4010,2557,0,0.6803617322089816,0.4831277555655827,0.24427804307271941,-0.018383079130789386,0.0
34.7696,-4.1054,4010,2557,0,0.6803617322089816,0.4831277555655827,0.24427804307271941,-0.018383079130789386,0.0
34.7696,-3.6054,4010,2557,0,0.5970633955459337,0.4225909677913678,0.1953837320131567,-0.02950332929745518,0.0
34.7696,-3.1053999999999995,4010,2557,0,0.6068835763375315,0.4225909677913678,0.1953837320131567,-0.02950332929745518,0.0
34.7696,-2.6053999999999995,4010,2557,0,0.6531410097989335,0.4119318090222451,0.17656188816633453,-0.04264296026840899,0.0
34.7696,-2.1053999999999995,4010,2557,0,0.6427226550927284,0.4119318090222451,0.17656188816633453,-0.04264296026840899,0.0
35.2696,-6.1054,4010,2557,0,0.5903384257824938,0.40290966115945354,0.18450070358001727,0.006529978084753307,0.0
35.2696,-5.6054,4010,2557,0,0.6190914929550637,0.46311045927735933,0.2197990987970594,0.005185255823597896,0.0
35.2696,-5.1054,4010,2557,0,0.6017587107502556,0.46311045927735933,0.2197990987970594,0.005185255823597896,0.0
35.2696,-3.1053999999999995,4010,2557,0,0.4436401698367456,0.38027597151544235,0.17408347614614608,-0.03246276767366214,0.0
35.7696,-5.6054,4010,2557,0,0.6314828652842702,0.46311045927735933,0.2197990987970594,0.005185255823597896,0.0
