fold,model,alternative,n_cells,mean_pct,ci_low,ci_high,pct_cells_pcmci_better
2021,LIN,LASSO,250,0.343590956765444,0.06417046393832387,0.6243972759287616,56.00000000000001
2021,LIN,ALL,250,0.3891064463971776,-0.31103606157614666,1.0980390978682615,54.0
2021,KRR,LASSO,250,0.3069296384672931,0.027816011233557127,0.5862543902804365,57.599999999999994
2021,KRR,ALL,250,0.41296830894653336,-0.21576616850869326,1.025234051196413,57.99999999999999
2022,LIN,LASSO,250,-0.07983117072500509,-0.28561341750668245,0.13078707596021474,47.199999999999996
2022,LIN,ALL,250,-0.1941397813792161,-0.5730896348033532,0.21984843769143164,45.6
2022,KRR,LASSO,250,-0.12315963361119305,-0.3628252060511634,0.10570205458412875,43.6
2022,KRR,ALL,250,0.7540549878317033,0.30321787080609514,1.2368304267174381,65.60000000000001
2023,LIN,LASSO,250,0.06276179042351941,-0.20849377607136418,0.32091865139457015,50.0
2023,LIN,ALL,250,-0.6073236333361938,-0.9968905449299365,-0.2240241633932417,33.2
2023,KRR,LASSO,250,-0.25566556335665114,-0.6378132717096789,0.07566412080844113,44.800000000000004
2023,KRR,ALL,250,0.6704355240825888,0.15219443806654323,1.1986420025242348,62.8
