model,method,k,r2,rmse,skill_vs_clim_pct,jaccard_with_PCMCI
KRR,ALL,56.0,0.7977920278811357,0.712971763209888,13.073353603737216,
KRR,LASSO_PATH,5.94,0.800463170725916,0.707925624918562,13.653244330227206,0.4889187479187479
KRR,OMP,5.94,0.7997348010260337,0.7091609727169543,13.48806931946866,0.576825086025086
KRR,PCMCI,5.94,0.8003970240229468,0.7079474587697969,13.634316042405663,
KRR,TOPK_CORR,5.94,0.8002029766634013,0.7080061142728631,13.60230278516591,0.42398778998779
KRR,TOPK_MI,5.94,0.7965570412605065,0.7151288317250069,12.798065002674287,0.2971234523646288
LIN,ALL,56.0,0.800876843833968,0.7069478707093144,13.761500566753767,
LIN,LASSO_PATH,5.94,0.7985856121504729,0.710814744259752,13.270400182005185,0.4889187479187479
LIN,OMP,5.94,0.7986351188991998,0.710735856446817,13.267405451918055,0.576825086025086
LIN,PCMCI,5.94,0.7995423881081686,0.7091723796294083,13.465973125163803,
LIN,RANDOM,5.94,0.7490260247280202,0.7927259515163098,3.415249735477929,
LIN,TOPK_CORR,5.94,0.7976330754866119,0.7125288040745213,13.065764424009625,0.42398778998779
LIN,TOPK_MI,5.94,0.7951715737315632,0.7173519318025118,12.515948837363426,0.2971234523646288
