family,level,n_cells,mean_days,rmse_clim,PERSIST_KC,PCMCI_LIN,LASSO_LIN,ALL_LIN,PCMCI_KRR,LASSO_KRR,ALL_KRR
season,DJF,250,240.0,0.7375535694204914,-4.947496672589589,13.743533501583125,13.306207213335753,14.191502429666963,12.844442162601593,12.590992635084575,10.864992640249076
season,MAM,250,276.0,0.9993886944383455,-5.257885512092045,13.519658044184203,13.276448336279126,14.074058489974652,13.471713382987572,13.638569980016241,13.838801674873867
season,JJA,250,276.0,0.7383738012912748,1.2447564216525944,14.317162468669526,14.180960651079916,13.878121183319347,15.970514943900987,15.700790666976719,14.741672136670667
season,SON,250,212.0,0.7328975079739816,-11.441224884375435,10.400648045259636,10.31415024092679,10.820226456588705,10.760599910564114,10.824471425294591,10.705935194577187
year,2023,250,365.0,0.8223303457699666,-2.990750955844193,12.73777130495568,12.682450720968758,13.268910182504811,12.622692116507176,12.851496712164312,12.017473169325427
year,2024,250,366.0,0.7941077858395754,-5.910216071656121,13.859537845979796,13.334194727545285,13.62653602845773,14.060064607079674,13.753713451929038,12.855783757659513
year,2025,250,273.0,0.8502676553979739,-4.841554054144493,13.59668681563944,13.646610390680838,14.252120823514197,14.11249034780112,14.291339564408073,14.541883373318495
kc_obs,low,250,320.488,1.2101657974738682,2.070839084527625,14.189287158264731,13.943384735718007,15.115208241072473,14.04928006721631,14.16436566864155,13.709498955207527
kc_obs,mid,250,369.036,0.3287018964331059,-110.13741137737917,-29.387431001574623,-28.497027623736546,-33.92790752495287,-27.050152902359354,-26.77046515556101,-23.881473974830875
kc_obs,high,250,314.476,0.7268111342759578,15.327682083814796,25.21357359679049,24.585233236550838,24.798819036956154,25.676536251920165,25.190593304101952,22.26242946510582
kc_prev,low,250,321.104,1.037025997430635,-13.609364666844089,13.8425324865,13.670231065751832,14.184107125435272,13.801412613816854,13.73476310923143,13.333572992841994
kc_prev,mid,250,368.508,0.6905277026461857,-0.05384174816344489,5.291317839933099,5.08032375046143,5.8598765933491,5.823373758050863,5.975566885861793,6.012781445122313
kc_prev,high,250,314.388,0.6981268041501371,12.853881959994448,22.94999990076687,22.64602214324507,22.571132156968066,23.275003965445457,23.17430592074274,21.267058844723934
kc_obs_p10,cloudiest10%,250,85.468,2.072040348092427,17.43942911623203,16.677411277819253,16.37912835831478,17.65400007535913,15.634673326328796,15.705458477483088,14.616127049230098
