family,level,model,alternative,n_cells,mean_pct,ci_low,ci_high
season,DJF,LIN,LASSO,250,0.49382820623172086,0.07386649585594018,0.9478838186397379
season,DJF,LIN,ALL,250,-0.5556489686301287,-1.0509961546181614,-0.08172118258742009
season,DJF,KRR,LASSO,250,0.274748736769607,-0.13747513839474654,0.7131187113107774
season,DJF,KRR,ALL,250,2.216782923534538,1.7026919790943307,2.708603508437394
season,MAM,LIN,LASSO,250,0.27829555287520236,0.09003748648284436,0.44524214091457553
season,MAM,LIN,ALL,250,-0.6451077636373088,-1.0104831892586943,-0.280037153914813
season,MAM,KRR,LASSO,250,-0.20006244704293777,-0.3980841979151353,-0.009012599704319692
season,MAM,KRR,ALL,250,-0.42484500793827557,-1.2295172490999633,0.2935324261018091
season,JJA,LIN,LASSO,250,0.129526960377156,-0.36428999553353353,0.7877096326516888
season,JJA,LIN,ALL,250,0.46231964628952144,-0.07164717912950068,1.1046545012424387
season,JJA,KRR,LASSO,250,0.27683435657355254,-0.33558454098097573,0.8994799729802291
season,JJA,KRR,ALL,250,1.3833567046195214,0.4306751512533962,2.2817268156975405
season,SON,LIN,LASSO,250,0.0925749806706831,-0.07717707253660343,0.2818880020413678
season,SON,LIN,ALL,250,-0.5173606013120636,-0.9959440868429438,-0.0348488007821086
season,SON,KRR,LASSO,250,-0.07967089156542101,-0.37993769878769584,0.2772647174431252
season,SON,KRR,ALL,250,0.027629699535161478,-0.5121986549307166,0.5670793812161378
year,2023,LIN,LASSO,250,0.06276082073770389,-0.20849626237570443,0.32091965828594127
year,2023,LIN,ALL,250,-0.6073215164137542,-0.9968889991677616,-0.22401930944103682
year,2023,KRR,LASSO,250,-0.2556652109889795,-0.6378123666520114,0.07566019585728814
year,2023,KRR,ALL,250,0.6704338772054342,0.15219365515106476,1.1986406749758591
year,2024,LIN,LASSO,250,0.6134422295657638,0.384773323371873,0.8688277993778698
year,2024,LIN,ALL,250,0.26061093140236685,-0.13773539455633327,0.6637654998758511
year,2024,KRR,LASSO,250,0.35673550337161697,-0.00016163659921315218,0.7305370152230228
year,2024,KRR,ALL,250,1.3733609018913424,0.6435460891721922,2.2566707812764846
year,2025,LIN,LASSO,250,-0.06285829767255778,-0.26470121360647786,0.13530304749126923
year,2025,LIN,ALL,250,-0.792121033661355,-1.1325946821132717,-0.4030995148123212
year,2025,KRR,LASSO,250,-0.21327668367646224,-0.4228571677377708,-0.011276416308349756
year,2025,KRR,ALL,250,-0.49895143730235453,-0.9043181962130258,-0.12926722793148926
kc_obs,low,LIN,LASSO,250,0.2843789696026233,0.01916359199368597,0.5414454092926858
kc_obs,low,LIN,ALL,250,-1.0859421378011678,-1.7126132881534142,-0.42842355395471776
kc_obs,low,KRR,LASSO,250,-0.1343423495176786,-0.47135626537881725,0.1693317615177627
kc_obs,low,KRR,ALL,250,0.40500986476729983,-0.2516421405566823,1.1227355150784273
kc_obs,mid,LIN,LASSO,250,-0.7222828882778217,-1.0699553378607591,-0.314279096578719
kc_obs,mid,LIN,ALL,250,3.384921254958843,2.525969432211023,4.479311852805677
kc_obs,mid,KRR,LASSO,250,-0.29403744892152817,-0.8933892515751468,0.3293222221942942
kc_obs,mid,KRR,ALL,250,-2.556916495425721,-3.483582745772267,-1.3620723109571424
kc_obs,high,LIN,LASSO,250,0.7814118338570529,0.12331793185796014,1.5533888227375776
kc_obs,high,LIN,ALL,250,0.4687425428471026,-0.7004778033289797,1.667388375505894
kc_obs,high,KRR,LASSO,250,0.5988041800432718,0.07810386774983857,1.1617531320885504
kc_obs,high,KRR,ALL,250,4.369929717248369,3.494696271923598,5.30257493854281
kc_prev,low,LIN,LASSO,250,0.2001327622970236,0.02126021738757613,0.4111481245735476
kc_prev,low,LIN,ALL,250,-0.4008690719759842,-0.7886437884775042,0.01648076780940101
kc_prev,low,KRR,LASSO,250,0.07260772885317797,-0.2667622908752805,0.4382845383352576
kc_prev,low,KRR,ALL,250,0.5351579158977615,0.06324625184470196,0.9926198418063923
kc_prev,mid,LIN,LASSO,250,0.22056499123504045,-0.009500297657169485,0.4657112237201229
kc_prev,mid,LIN,ALL,250,-0.6042026764003868,-0.9490583499763181,-0.23848628880595305
kc_prev,mid,KRR,LASSO,250,-0.16067281521924934,-0.4405198106454286,0.14275159898487524
kc_prev,mid,KRR,ALL,250,-0.203389865847797,-0.6499321600306848,0.2126263236651546
kc_prev,high,LIN,LASSO,250,0.3739968486954955,0.009323263408477608,0.8028454290146316
kc_prev,high,LIN,ALL,250,0.45719017612821455,0.04081379787903299,0.8244408252536941
kc_prev,high,KRR,LASSO,250,0.10282294006079082,-0.28688053171717726,0.5437692818585208
kc_prev,high,KRR,ALL,250,2.5634796708478005,1.8093037318362326,3.2446224590730326
kc_obs_p10,cloudiest10%,LIN,LASSO,250,0.3634162720508014,0.04651177146395985,0.7065705965507044
kc_obs_p10,cloudiest10%,LIN,ALL,250,-1.1775068166199416,-1.7204536586896522,-0.60846496656693
kc_obs_p10,cloudiest10%,KRR,LASSO,250,-0.07866297967368312,-0.4242755392128543,0.2612928810998097
kc_obs_p10,cloudiest10%,KRR,ALL,250,1.2079604229081995,0.27545578706935253,2.1822175973842937
