family,level,CLIM,PERSIST_KC,PCMCI_LIN,LASSO_LIN,ALL_LIN,PCMCI_KRR,LASSO_KRR,ALL_KRR
season,DJF,0.007830396,-0.0033860746666666648,0.021317518833333333,0.025251018166666667,0.0194559275,0.024880674500000005,0.023960117000000003,0.02267837133333334
season,MAM,-0.01513111898550725,-0.002294947971014496,-0.010459629275362321,-0.013819391014492756,-0.016446078115942033,-0.015660109130434786,-0.016560039855072466,-0.012000776666666671
season,JJA,-0.0047048915942029005,-0.005701737681159419,0.021323902463768113,0.01773742333333334,0.0037511920289855106,0.009041346666666665,0.004254684637681159,-0.014341450434782604
season,SON,-0.059751121886792456,0.009497708490566033,-0.022377217358490572,-0.021441346037735853,-0.027298676415094345,-0.017537571509433962,-0.019497624528301883,-0.0382235162264151
year,2023,-0.07541803200000001,-0.0030797872876712363,-0.02550506761643836,-0.026813646684931504,-0.03460425632876713,-0.02414433271232877,-0.027211103232876708,-0.035293105753424654
year,2024,0.0318114825136612,-6.63821857923509e-05,0.022221684808743168,0.02294677825136612,0.017103154863387978,0.016828689289617487,0.015478814535519128,0.011274912131147539
year,2025,-0.0013849913553113532,0.0005208398534798562,0.016655629597069597,0.014595297142857148,0.006407009230769234,0.011282049230769234,0.009111575824175829,-0.004306466080586075
kc_obs,low,0.8887084022346128,0.48032841904746243,0.6521639068375449,0.6568079826061988,0.6318439064412076,0.6563829189017597,0.6570016743320996,0.6719082910889422
kc_obs,mid,-0.22889458507738436,-0.17646578305459698,-0.1859694960510163,-0.18661916481547325,-0.19607658848234796,-0.19411074269691508,-0.19741056372882218,-0.2083585712763544
kc_obs,high,-0.6836129789427849,-0.2811829641367048,-0.43153665384662176,-0.43787860942294116,-0.4241750312062791,-0.4358204849362565,-0.4392790864815672,-0.46709659719047136
kc_prev,low,0.40537017270215403,-0.4839450842820196,0.004201810272988119,0.001566406866272395,-0.00495519587387379,0.019254307315616125,0.01286730124165303,0.03966535609662826
kc_prev,mid,-0.05466830546378373,0.17423466762796072,0.04371519620111685,0.04533470371550004,0.032508657672353614,0.025656998189610526,0.023193719809844686,0.01459150651237564
kc_prev,high,-0.4014493985317478,0.2820416869027009,-0.046548567099173,-0.04822863035231421,-0.04926182021569716,-0.050288126120549045,-0.047214603733759415,-0.09089221378038231
kc_obs_p10,cloudiest10%,1.887414547543823,1.2151135659627053,1.5006956602236494,1.5080476772231954,1.4784506816892855,1.5269116051534268,1.5269251391008292,1.5608800418199908
