model,method,variant,k,n_cells,cells_k0,r2,rmse,skill_vs_clim_pct
KRR,ALL,-,56.0,250,0,0.7977920278811357,0.712971763209888,13.073353603737216
KRR,LASSO,fdr<=0.01,5.94,250,0,0.8004631707259161,0.707925624918562,13.653244330227206
KRR,LASSO,fdr<=0.001,4.18,250,0,0.7998789985442116,0.7090874697701128,13.522753191105496
KRR,LASSO,fdr<=0.0001,3.436,250,0,0.7991693702983832,0.7103282795564536,13.375019249988346
KRR,LASSO,|val|>=0.075,3.932,250,0,0.7997306338295822,0.7093540461429501,13.490362942837468
KRR,LASSO,|val|>=0.10,2.756,250,0,0.7983664177796118,0.7116950055790755,13.21642081581747
KRR,LASSO,|val|>=0.15,1.68,250,0,0.7950736932492672,0.7174018006200824,12.518163679365802
KRR,PCMCI,fdr<=0.01,5.94,250,0,0.8003970240229468,0.7079474587697969,13.634316042405663
KRR,PCMCI,fdr<=0.001,4.18,250,0,0.8000157178171081,0.7087144848683937,13.54434614181739
KRR,PCMCI,fdr<=0.0001,3.436,250,0,0.7993846507278447,0.7097806240955267,13.41646738357596
KRR,PCMCI,|val|>=0.075,3.932,250,0,0.7998562170518723,0.7090133035513962,13.509184070541961
KRR,PCMCI,|val|>=0.10,2.756,250,0,0.7983047320237617,0.7115369960036895,13.20285146807615
KRR,PCMCI,|val|>=0.15,1.68,250,0,0.7939903261900753,0.7185933798592493,12.32776331430352
LIN,ALL,-,56.0,250,0,0.800876843833968,0.7069478707093144,13.761500566753767
LIN,LASSO,fdr<=0.01,5.94,250,0,0.7985856121504729,0.710814744259752,13.270400182005185
LIN,LASSO,fdr<=0.001,4.18,250,0,0.7976353275945234,0.7125481536028679,13.060185416488522
LIN,LASSO,fdr<=0.0001,3.436,250,0,0.7968782316652813,0.7139020343061006,12.89700818845862
LIN,LASSO,|val|>=0.075,3.932,250,0,0.7975023614848503,0.7127813852151482,13.031168352215266
LIN,LASSO,|val|>=0.10,2.756,250,0,0.7960725279707367,0.7152507656217552,12.73543556191969
LIN,LASSO,|val|>=0.15,1.68,250,0,0.7930812536506293,0.7204059822009301,12.113413547078892
LIN,PCMCI,fdr<=0.01,5.94,250,0,0.7995423881081686,0.7091723796294083,13.465973125163803
LIN,PCMCI,fdr<=0.001,4.18,250,0,0.7983186836649073,0.7114018611690008,13.196441833532225
LIN,PCMCI,fdr<=0.0001,3.436,250,0,0.7976475648074494,0.7125472988858322,13.057755567607696
LIN,PCMCI,|val|>=0.075,3.932,250,0,0.7981536061789481,0.7117138134144172,13.161045256137989
LIN,PCMCI,|val|>=0.10,2.756,250,0,0.7962438946506787,0.7147926070971315,12.779580029801947
LIN,PCMCI,|val|>=0.15,1.68,250,0,0.7920259190086137,0.721682924343222,11.931947212330066
