model,A,B,mean_pct,ci_low,ci_high,pct_cells_A_better,n_cells
KRR,PCMCI|fdr<=0.001,PCMCI|fdr<=0.01,-0.10757549163459439,-0.20474897640930198,-0.016937337887897978,35.199999999999996,250
KRR,PCMCI|fdr<=0.0001,PCMCI|fdr<=0.01,-0.2573275187284316,-0.35174346811223306,-0.15730964099725384,32.4,250
KRR,PCMCI||val|>=0.075,PCMCI|fdr<=0.01,-0.14937192655646614,-0.2579027707910672,-0.04234746868258038,34.8,250
KRR,PCMCI||val|>=0.10,PCMCI|fdr<=0.01,-0.504083583788885,-0.7070702501376183,-0.3026459539543367,25.2,250
KRR,PCMCI||val|>=0.15,PCMCI|fdr<=0.01,-1.5232106654241393,-1.9118273208090735,-1.144550279604539,13.200000000000001,250
KRR,PCMCI|fdr<=0.01,LASSO|fdr<=0.01,-0.020084344177383997,-0.2747548606581205,0.18834277420727966,50.4,250
KRR,PCMCI|fdr<=0.001,LASSO|fdr<=0.001,0.02723986798074897,-0.2475826411354579,0.2901204168732954,49.6,250
KRR,PCMCI|fdr<=0.0001,LASSO|fdr<=0.0001,0.04963813478929904,-0.1810656463319918,0.2644034448038775,44.0,250
KRR,PCMCI||val|>=0.075,LASSO||val|>=0.075,0.0236917358238557,-0.23064772953294438,0.2698064387226804,46.400000000000006,250
KRR,PCMCI||val|>=0.10,LASSO||val|>=0.10,-0.010715260922989217,-0.23984593394516637,0.21616267901929198,31.6,250
KRR,PCMCI||val|>=0.15,LASSO||val|>=0.15,-0.21392183056748967,-0.5610099274181506,0.06584727346029427,8.799999999999999,250
KRR,PCMCI|fdr<=0.01,ALL|-,0.6478702040549524,0.3370545073947209,0.9895875237130238,70.8,250
KRR,PCMCI|fdr<=0.001,ALL|-,0.5426921297346176,0.20527099953275846,0.9090534962514171,68.0,250
KRR,PCMCI|fdr<=0.0001,ALL|-,0.3950306182594923,0.0806082244001405,0.7329920226786494,61.199999999999996,250
KRR,PCMCI||val|>=0.075,ALL|-,0.5014795102164054,0.16602428267996014,0.8556479273248521,66.8,250
KRR,PCMCI||val|>=0.10,ALL|-,0.1506330190658095,-0.15430769695043825,0.4896951942713273,53.6,250
KRR,PCMCI||val|>=0.15,ALL|-,-0.8634037343926599,-1.31954823684248,-0.37270262811169536,32.0,250
LIN,PCMCI|fdr<=0.001,PCMCI|fdr<=0.01,-0.3127115911299431,-0.43981667511160016,-0.21724475488402895,21.2,250
LIN,PCMCI|fdr<=0.0001,PCMCI|fdr<=0.01,-0.47307924752038377,-0.5858324864948865,-0.37955042718637544,18.4,250
LIN,PCMCI||val|>=0.075,PCMCI|fdr<=0.01,-0.3539171870582029,-0.485203290937199,-0.2486719322529318,22.8,250
LIN,PCMCI||val|>=0.10,PCMCI|fdr<=0.01,-0.7949631746086867,-0.9550212802553759,-0.6457759901569213,7.6,250
LIN,PCMCI||val|>=0.15,PCMCI|fdr<=0.01,-1.7821297227216593,-2.1767987382065352,-1.3979188513584042,3.2,250
LIN,PCMCI|fdr<=0.01,LASSO|fdr<=0.01,0.22555574792930055,0.07053398835832146,0.3778036490624051,66.4,250
LIN,PCMCI|fdr<=0.001,LASSO|fdr<=0.001,0.15662291280626617,-0.04550887710964371,0.3473621286828781,58.8,250
LIN,PCMCI|fdr<=0.0001,LASSO|fdr<=0.0001,0.18327388679017187,0.01890135346833882,0.33165977532589874,50.8,250
LIN,PCMCI||val|>=0.075,LASSO||val|>=0.075,0.1490267415820915,-0.062026827242472465,0.3437412309556272,56.00000000000001,250
LIN,PCMCI||val|>=0.10,LASSO||val|>=0.10,0.05128828720387436,-0.09359379249598568,0.18367809217964545,37.6,250
LIN,PCMCI||val|>=0.15,LASSO||val|>=0.15,-0.20703377755620664,-0.530651225449202,0.049693036371450346,9.6,250
LIN,PCMCI|fdr<=0.01,ALL|-,-0.34427183931209004,-0.6272998247671953,-0.055518423066841384,36.4,250
LIN,PCMCI|fdr<=0.001,ALL|-,-0.6573585787352638,-0.9938654310029644,-0.30750664515873305,28.4,250
LIN,PCMCI|fdr<=0.0001,ALL|-,-0.8180742841601123,-1.1520840395097267,-0.4613665176969127,24.0,250
LIN,PCMCI||val|>=0.075,ALL|-,-0.6986626091511682,-1.0381779723556825,-0.3414259949172576,29.2,250
LIN,PCMCI||val|>=0.10,ALL|-,-1.1418027878498043,-1.4631383088151786,-0.7750312433410635,18.8,250
LIN,PCMCI||val|>=0.15,ALL|-,-2.1298295691054787,-2.5699507600745024,-1.6366978871731923,10.0,250
